{
  "1d": {
    "n": 655,
    "mean_km": 66.33254849039324,
    "median_km": 41.86883542067624,
    "std_km": 120.54354716951275,
    "p90_km": 96.43675541976474,
    "p95_km": 146.8744811841561,
    "p99_km": 792.2150058089512,
    "min_km": 0.5725707129587634,
    "max_km": 1109.3957779684156
  },
  "3d": {
    "n": 1417,
    "mean_km": 888.7798173244656,
    "median_km": 369.95523442059783,
    "std_km": 1599.7167618978547,
    "p90_km": 2653.944137212247,
    "p95_km": 5208.2324112053,
    "p99_km": 7717.232312865199,
    "min_km": 0.7136001020902774,
    "max_km": 9012.188180980742
  },
  "7d": {
    "n": 3060,
    "mean_km": 3958.504169283561,
    "median_km": 2244.4649058074774,
    "std_km": 4129.299431281265,
    "p90_km": 12362.680783974229,
    "p95_km": 13168.090259920693,
    "p99_km": 13509.758759498201,
    "min_km": 1.0820122322179093,
    "max_km": 14135.427340162294
  },
  "meta": {
    "n_satellites": 200,
    "n_epoch_comparisons": 21065,
    "dt": 120.0,
    "propagator": "fixed_rk4_j2",
    "method": "segment_by_segment_capped_30d",
    "timestamp": "2026-05-30T17:49:53Z"
  }
}